[
    {
        "Title": "Apollo 11 Crew",
        "Artist": "Ronald Anderson",
        "Ref": "NPG_70_36",
        "Sitter": [
            { 
                "Name": "Neil Armstrong" 
            },
            { 
                "Name": "Buzz Aldrin" 
            },
            { 
                "Name": "Michael Collins" 
            }
        ],
        "DateOfWork": "1969"
    },
    {
        "Title": "Neil Armstrong",
        "Artist": "Robert Theodore McCall",
        "Ref": "S_NPG_2010_51",
        "Sitter": [
            { 
                "Name": "Neil Armstrong"
            }
        ],
        "DateOfWork": "2009"
    },
    {
        "Title": "Henry Larcom Abbot",
        "Artist": "Nahum Ball Onthank",
        "Ref": "NPG_92_127",
        "Sitter": [
            { 
                "Name": "Henry Larcom Abbot" 
            }
        ],
        "DateOfWork": "1857"
    }
]
